longitude,latitude,pa,sst,cuv,ph
146.9961,-43.5252,0.6,14.674871740293364,0.0,8.087736268019691
145.5405,-40.8901,14.0,15.42419456425907,0.0,8.080148364930722
145.5364,-40.8905,0.8,15.42419456425907,0.0,8.080148364930722
146.642,-41.0989,5.0,15.37717886182735,0.0,8.077183319247073
147.8383,-40.3005,5.7,15.781624476220964,0.0,8.071414752086927
147.8947,-40.2968,0.0,15.842093248937871,0.0,8.070510797939518
146.7905,-41.0655,0.9,15.420280352798292,0.0,8.077566431435685
146.8414,-41.0343,0.0,15.413744294728952,0.0,8.077671200166828
145.917,-43.3634,1.8,14.808206958927785,0.0,8.071982551403527
148.3161,-41.2464,27.5,15.803525696584314,0.0,8.078366630118921
148.3098,-41.8801,19.08,15.621263550563015,0.0,8.081470816017653
145.6194,-40.9245,24.7,15.415962202047334,0.0,8.07916924452645
145.9667,-43.3336,28.45,14.689937648588963,0.0,8.072660815273231
145.2002,-42.1995,30.5,15.04693840311699,0.0,8.080960050165908
145.7134,-43.1135,3.1,14.86299823310033,0.0,8.076346108591043
148.273,-42.2571,23.9,15.256849817869831,0.0,8.087761118960799
147.3718,-43.0883,46.6,14.561170224514667,0.0,8.09372996329988
148.1364,-42.6635,24.8,15.219534451555532,0.0,8.08511107616312
148.3085,-41.9652,1.0,15.5921626009965,0.0,8.081409010516044
147.1269,-43.2757,55.4,14.559367126928679,0.0,8.087418159806498
148.458,-40.4413,0.0,16.07868210544672,0.0,8.078994061011112
148.458,-40.4128,0.0,16.07868210544672,0.0,8.078994061011112
148.0032,-42.5066,9.3,15.088569630391385,0.0,8.094477744676503
148.3183,-41.9264,16.7,15.596975920401654,0.0,8.081025868867215
147.9383,-40.7625,0.0,15.669227092996572,0.0,8.075825245694796
147.4254,-43.2535,17.3,14.681842385939952,0.0,8.089006211105227
145.1669,-42.1953,18.2,15.128600719872445,0.0,8.079859999441268
145.1696,-42.1964,22.7,15.128600719872445,0.0,8.079859999441268
145.1848,-42.1954,45.6,15.128600719872445,0.0,8.079859999441268
147.3325,-43.0591,12.763636363636362,14.54414020626592,0.0,8.092752581132105
147.1434,-43.2729,10.44,14.559367126928679,0.0,8.087418159806498
147.356,-42.9521,38.0,14.513858072636964,0.0,8.095161893439334
146.3774,-43.5915,47.9,14.703503893448506,0.0,8.078673621619922
147.3571,-43.0627,47.98787909090909,14.561170224514667,0.0,8.09372996329988
148.3477,-40.9891,1.7,15.877013187819905,0.0,8.078376847434296
148.3461,-40.9945,16.2,15.877013187819905,0.0,8.078376847434296
148.2907,-42.1419,2.9,15.34109691133396,0.0,8.085137224787777
148.2619,-42.1683,0.6,15.258811561350221,0.0,8.086845374460921
147.9606,-43.1306,32.05,14.960093321676698,0.0,8.079149842111631
148.1076,-42.5832,46.4,15.238338354516552,0.0,8.087890958165827
148.3043,-42.0561,19.1,15.576605266958834,0.0,8.08315684520391
147.2914,-43.1937,0.0,14.581054181514805,0.0,8.089848130219764
144.6497,-40.8989,5.9,15.451828766659842,0.0,8.08204843724319
148.0048,-42.4388,2.2,15.119249139374572,0.0,8.092813055727605
148.3163,-41.9033,21.52,15.596975920401654,0.0,8.081025868867215
146.4259,-41.1427,1.2,15.354030049981812,0.0,8.07716528766975
147.1418,-43.2938,19.81,14.559367126928679,0.0,8.087418159806498
148.1618,-42.412,60.2,15.25371800389792,0.0,8.086726491331213
145.9028,-43.3025,12.52,14.794828121956161,0.0,8.073802666166317
145.9029,-43.3006,4.08,14.794828121956161,0.0,8.073802666166317
145.8966,-43.3122,11.833333333333334,14.834483957258378,0.0,8.073588120688765
147.4164,-43.0585,44.9,14.584043127884192,0.0,8.094859381919076
148.3175,-41.5816,1.9,15.768244436884615,0.0,8.079663969379432
145.9668,-43.3066,6.8,14.689937648588963,0.0,8.072660815273231
148.069,-42.1899,1.3,15.249429460880194,0.0,8.086999775102248
147.9804,-42.6435,8.9,15.031361204265057,0.0,8.089893489478264
147.9736,-42.8835,10.8,15.017831434796078,0.0,8.085458718821478
147.1793,-43.3542,21.1,14.614566695829232,0.0,8.08623682040048
147.6283,-40.8225,1.8,15.536968966236943,0.0,8.076387778327915
146.7843,-41.056,3.1,15.420280352798292,0.0,8.077566431435685
146.79,-41.0544,1.1,15.420280352798292,0.0,8.077566431435685
146.2834,-43.6445,18.5,14.741872961311367,0.0,8.074745349574847
145.9862,-43.3227,8.299999999999999,14.689937648588963,0.0,8.072660815273231
145.983,-43.3219,8.5,14.689937648588963,0.0,8.072660815273231
145.9724,-43.4165,9.66,14.75091162565304,0.0,8.071926934026953
145.9696,-43.4218,34.13333333333333,14.75091162565304,0.0,8.071926934026953
146.1485,-43.5205,2.9,14.753204621477893,0.0,8.074364781271766
145.9332,-43.3694,7.7,14.808206958927785,0.0,8.071982551403527
145.9332,-43.3694,3.6,14.808206958927785,0.0,8.071982551403527
147.5937,-40.8472,0.0,15.506682840486574,0.0,8.07688755248165
147.5943,-40.8485,0.3,15.506682840486574,0.0,8.07688755248165
148.1243,-42.5905,78.7,15.238338354516552,0.0,8.087890958165827
148.3136,-41.8695,22.32,15.621263550563015,0.0,8.081470816017653
148.2885,-42.2933,72.6,15.256849817869831,0.0,8.087761118960799
145.9265,-43.299,35.65,14.778416515372154,0.0,8.074773583931442
145.3084,-40.7665,51.0,15.43646627821227,0.0,8.080953076678302
147.9693,-42.524,6.507692307692308,15.066245164458207,0.0,8.094627484054696
147.4014,-43.1285,69.3,14.614261590992683,0.0,8.092777184875603
147.3981,-42.9917,9.1,14.513858072636964,0.0,8.095161893439334
145.8759,-43.316,17.0,14.834483957258378,0.0,8.073588120688765
145.8737,-43.3181,14.275,14.834483957258378,0.0,8.073588120688765
148.0463,-42.6025,21.892307692307693,15.040929690791979,0.0,8.089285915681412
148.3423,-40.4895,17.0,15.942418733741077,0.0,8.077845744286538
147.3421,-43.0534,63.37272727272728,14.54414020626592,0.0,8.092752581132105
147.9481,-42.5531,13.323076923076922,15.010611127206893,0.0,8.091670288268373
148.007,-42.6608,5.407692307692307,15.053134183635667,0.0,8.087126252888455
148.2607,-42.1793,0.0,15.258811561350221,0.0,8.086845374460921
148.0243,-42.629,23.558333333333334,15.040929690791979,0.0,8.089285915681412
147.2818,-43.145,0.0,14.569979783652837,0.0,8.090573804822624
145.5164,-40.8585,4.7,15.42419456425907,0.0,8.080148364930722
145.8504,-43.3095,2.4,14.834483957258378,0.0,8.073588120688765
145.995,-43.3306,0.16,14.689937648588963,0.0,8.072660815273231
148.2351,-42.3112,35.4,15.29959712404126,0.0,8.087144640074227
148.2529,-42.292,14.6,15.256849817869831,0.0,8.087761118960799
148.2764,-42.2952,27.8,15.256849817869831,0.0,8.087761118960799
145.8428,-43.3093,10.016666666666667,14.875714696677536,0.0,8.074047506567405
145.8424,-43.3098,5.75,14.875714696677536,0.0,8.074047506567405
145.8467,-43.3042,8.433333333333334,14.875714696677536,0.0,8.074047506567405
146.6668,-43.6004,19.4,14.640010405852836,0.0,8.07747929028524
148.318,-41.249,64.3,15.803525696584314,0.0,8.078366630118921
148.3311,-41.2484,51.7,15.803525696584314,0.0,8.078366630118921
145.1946,-42.3099,0.2,15.181321464240158,0.0,8.080884873310556
148.2294,-40.4645,0.0,15.921123883183332,0.0,8.075943859267701
146.7848,-43.607,22.2,14.681826399731856,0.0,8.077359831377619
145.1886,-42.214,1.5,15.165237126230572,0.0,8.079736427773454
145.9882,-43.3294,21.525,14.689937648588963,0.0,8.072660815273231
148.3143,-41.8745,16.883333333333333,15.621263550563015,0.0,8.081470816017653
145.9172,-43.3033,16.808333333333334,14.794828121956161,0.0,8.073802666166317
148.3112,-41.8955,15.8,15.621263550563015,0.0,8.081470816017653
148.2648,-42.1563,14.8,15.258811561350221,0.0,8.086845374460921
147.9157,-42.5836,26.700000000000003,15.010611127206893,0.0,8.091670288268373
148.3427,-41.3543,57.9,15.758505517822183,0.0,8.078850464939933
148.3397,-41.3443,37.7,15.738788087796353,0.0,8.078713079874714
148.3539,-41.273,30.3,15.8576248299117,0.0,8.078385166178334
148.3545,-41.2735,6.8,15.8576248299117,0.0,8.078385166178334
148.368,-41.2879,14.9,15.8576248299117,0.0,8.078385166178334
147.0213,-40.9803,6.3,15.395625917240944,0.0,8.078394848681182
148.1273,-40.7325,19.2,15.820340065189242,0.0,8.077450461962774
148.1233,-40.7355,29.0,15.820340065189242,0.0,8.077450461962774
145.7204,-40.9435,37.4,15.429620810452173,0.0,8.078866698442924
147.4044,-43.1662,54.1,14.63835596469459,0.0,8.091147481886617
147.9584,-42.8695,34.1,15.017831434796078,0.0,8.085458718821478
146.8196,-41.0379,0.0,15.413744294728952,0.0,8.077671200166828
147.4125,-43.1876,63.7,14.63835596469459,0.0,8.091147481886617
147.6196,-40.8443,0.0,15.536968966236943,0.0,8.076387778327915
147.6263,-40.7965,0.0,15.562962204684872,0.0,8.076299849677273
147.6413,-40.7785,0.3,15.562962204684872,0.0,8.076299849677273
147.6208,-40.8048,0.0,15.536968966236943,0.0,8.076387778327915
147.6703,-40.8195,1.4,15.547866082299947,0.0,8.076093837828282
148.3034,-41.8686,44.04,15.621263550563015,0.0,8.081470816017653
144.616,-40.9316,2.8,15.430575766669783,0.0,8.081554784456099
146.1551,-41.1327,5.6,15.375039447209636,0.0,8.077661513062914
145.2984,-40.7405,4.2,15.431811447772063,0.0,8.080858979951445
146.6421,-43.5831,11.5,14.620226411568584,0.0,8.08064618008947
148.1146,-42.6637,56.0,15.219534451555532,0.0,8.08511107616312
145.9238,-43.2971,20.44,14.778416515372154,0.0,8.074773583931442
145.9228,-43.2911,13.225,14.778416515372154,0.0,8.074773583931442
147.3923,-42.9774,32.0,14.513858072636964,0.0,8.095161893439334
146.0109,-43.4668,10.7,14.784135718352594,0.0,8.072398542426116
147.1684,-43.3253,69.6,14.599230097033802,0.0,8.087302728133134
148.24705669094755,-40.83044687321764,0.0,15.873226231250756,0.0,8.079399699241536
148.58116608890404,-43.129162069159264,0.0,15.852424759113525,0.0,8.066626817681778
146.32713180985897,-40.46551276279687,0.0,15.758528509319822,0.0,8.07239693327851
145.66670725274955,-43.875822319310274,0.0,14.10894762898679,0.0,8.0488753801844
144.1939645349096,-42.07599203525064,0.0,14.572023255011683,0.0,8.04698259249144
145.26623237372462,-43.66959716446507,0.0,14.00202041095221,0.0,8.040230466210618
148.996990894738,-41.78293742083961,0.0,16.809038264535168,0.0,8.067278577356015
148.2177977476238,-40.73299705307601,0.0,15.876268763029723,0.0,8.079818873836551
144.0829897056016,-43.86629898582278,0.0,13.41455086855191,0.0,8.03362478064665
144.04244428468402,-40.4934170539985,0.0,15.809680998383323,0.0,8.083263885143431
145.34196852605248,-40.40336150211676,0.0,15.526377263727893,0.0,8.082003440431109
144.60386836834135,-41.864700498213956,0.0,15.246895334211171,0.0,8.070333710937884
146.23132908453246,-43.73985799266084,0.0,14.688505546410232,0.0,8.069663100691377
148.494621129641,-41.371414311007015,0.0,16.08545347365285,0.0,8.079179748264227
147.11055112061916,-43.56161761905454,0.0,14.699146110888691,0.0,8.083743198885028
145.33048087938022,-40.0244017738562,0.0,15.592999925873688,0.0,8.078658626480498
148.11598996765957,-43.198743787939286,0.0,15.253625947467635,0.0,8.070937189806813
145.01373099980756,-40.46527058777414,0.0,15.48803807046729,0.0,8.08383868037218
148.99069249621144,-41.801097069231005,0.0,16.766522780130835,0.0,8.067582898336553
148.7325946119471,-43.4829446844436,0.0,15.648670901535432,0.0,8.063065091144829
148.6147965787467,-40.0567801698231,0.0,16.528233115126618,0.0,8.077155325430237
147.35308517466686,-43.41386327407201,0.0,14.683633570518106,0.0,8.083422282425577
144.02569595369292,-40.53174937081958,0.0,15.813549575227594,0.0,8.083193773309157
144.12755982736925,-42.42453457064308,0.0,14.2923883773697,0.0,8.040473240003541
147.78486967121378,-40.79481225811901,0.0,15.628560125293408,0.0,8.075919872474499
148.81904896569512,-41.63449875726741,0.0,16.787482050929334,0.0,8.07114404085214
147.44048743403746,-40.26263011160783,0.0,15.806254322711293,0.0,8.072862026870263
145.32224636658614,-43.99309044598147,0.0,13.943202842827544,0.0,8.039653959007907
144.56587667799144,-41.3238793731943,0.0,15.375583355495813,0.0,8.077073377407551
148.7526317896885,-40.52731392351252,0.0,16.59440472020428,0.0,8.075547001601917
146.13210604157572,-40.59384353268693,0.0,15.71937457074902,0.0,8.074048133887532
147.3370800322831,-40.216964060567385,0.0,15.853391960303398,0.0,8.072574117950962
148.9238430292535,-43.96873489306682,0.0,15.14786090656299,0.0,8.054668107124524
144.58742687744942,-42.767494452266774,0.0,14.351259716870718,0.0,8.045533907913953
146.41038558651422,-40.91720681484601,0.0,15.579301644388872,0.0,8.076699061064874
144.2237891195154,-43.396534035753206,0.0,13.571248105182667,0.0,8.037063050906191
144.46332429402142,-43.73301135499511,0.0,13.634906656490049,0.0,8.037366654525348
148.26511516951453,-40.28902168906984,0.0,16.125391018610728,0.0,8.076064894278666
147.78236468514672,-40.24363726843439,0.0,15.791253124564799,0.0,8.071291337572276
146.97600775162277,-40.078551672505725,0.0,15.90141854876201,0.0,8.071059391813327
146.3688936044678,-40.34711910447748,0.0,15.777716795054777,0.0,8.07130988762388
148.90368594236972,-40.638194432790435,0.0,17.126708692298145,0.0,8.070618814459156
146.4558317715765,-40.616367163489514,0.0,15.703035829640477,0.0,8.073825395054424
144.058354559427,-40.790235538393716,0.0,15.731178139595501,0.0,8.08143563477482
144.984889879884,-43.363041715776916,0.0,14.001277420774333,0.0,8.042011206167068
144.589868569098,-43.04910545773176,0.0,14.0863721731445,0.0,8.040787960485568
145.39987819497583,-43.383546853886,0.0,14.356753363681808,0.0,8.056064599618356
148.5409553061139,-43.232862202347704,0.0,15.791689499412223,0.0,8.065629345158111
144.97271909020307,-42.26120207639819,0.0,15.239698148903013,0.0,8.081259853378452
144.1488407644627,-43.87748426877089,0.0,13.437544498233553,0.0,8.034352673717084
145.98261947054394,-43.5770331229369,0.0,14.800857017923738,0.0,8.070617968256029
144.71580928953054,-40.280507356359344,0.0,15.618418135029513,0.0,8.084901205437673
147.26908653281328,-40.40962599116919,0.0,15.791556348769264,0.0,8.075239091958688
148.550366892334,-41.00475378933916,0.0,16.238395768089596,0.0,8.076902550555667
148.0250759917398,-40.59769865174242,0.0,15.80120280190334,0.0,8.073771393278573
145.0420516555138,-42.76549973188407,0.0,15.01950888302672,0.0,8.07527436146589
145.00789590679986,-40.35554157827335,0.0,15.53917307965897,0.0,8.083785115633951
145.49660073858274,-40.60933433898649,0.0,15.527272763241742,0.0,8.080742876923537
144.83722672879802,-40.407196790859146,0.0,15.434178706265575,0.0,8.084312684605877
144.2206838526622,-40.53224834748655,0.0,15.738415275752237,0.0,8.084991807814239
144.67332106617346,-40.782644833560106,0.0,15.480848497174668,0.0,8.082951193449881
148.4705289685945,-42.561719274599625,0.0,15.95183341888391,0.0,8.075653308202877
148.95290702321637,-43.208979802708534,0.0,15.799687764702613,0.0,8.061336780145982
144.84973246843776,-41.77410621554299,0.0,15.324004433126408,0.0,8.078273830777015
146.66760997600377,-40.63045880326145,0.0,15.750345548694314,0.0,8.074856543181419
144.26749341712915,-41.242524194378916,0.0,15.494132413367359,0.0,8.071700084143982
146.3490072909555,-40.01072680033884,0.0,15.733130781992307,0.0,8.071511227903743
144.11871362789427,-42.02494808437006,0.0,14.608130080895792,0.0,8.045365576516827
148.45384941386087,-41.7759089677339,0.0,15.955656730740175,0.0,8.081189131763413
148.62697319749904,-42.387959326647334,0.0,16.17072387318297,0.0,8.073699104945746
147.45145048489118,-40.287033713968995,0.0,15.776051023196992,0.0,8.0727466334862
144.8249758835274,-43.59987187104122,0.0,13.791026447866615,0.0,8.038224387710368
148.18325080238318,-43.43151624557689,0.0,15.510044298291508,0.0,8.063443555870224
148.20062287507483,-43.7155361080448,0.0,15.419910214918815,0.0,8.060461149634563
147.82678992563345,-40.31595958925236,0.0,15.781624476220964,0.0,8.071414752086927
148.89345181260498,-42.46807035658973,0.0,16.25329229378636,0.0,8.068493138786513
145.6685025640651,-43.520929217188076,0.0,14.493695360111127,0.0,8.063044464520114
145.79286201099129,-40.02770983623554,0.0,15.60650983609623,0.0,8.075676303224679
145.37816892279486,-43.82538834135197,0.0,14.013106965288358,0.0,8.041288239343418
145.87190643010703,-43.61976137464975,0.0,14.63777125025076,0.0,8.063822439307092
148.6014039050614,-43.372999367441814,0.0,15.713005287859186,0.0,8.06478735017723
144.1504130132592,-40.63056701914243,0.0,15.738353032983206,0.0,8.083703120494103
148.30019657493887,-42.678980949634465,0.0,15.620810700892092,0.0,8.079347013348665
145.44090874158283,-40.066970876396006,0.0,15.585047973826326,0.0,8.077756516614372
146.81703098329928,-40.28844771176651,0.0,15.847452890106908,0.0,8.071484064561007
146.08080638543476,-40.18753359426524,0.0,15.691418095514406,0.0,8.073595885477237
148.92515970567618,-40.23142222434794,0.0,17.359334620794755,0.0,8.071511395460279
144.6826842798078,-43.7582658876234,0.0,13.699748613709048,0.0,8.037639740539715
144.28440975463664,-43.06838023647342,0.0,13.770601742016376,0.0,8.037993445643215
144.47034879174322,-42.44272833849287,0.0,14.547161278774663,0.0,8.049774898157668
147.6698684646639,-40.624756275671196,0.0,15.673007188435452,0.0,8.075184119454512
144.12900150807926,-43.59541714431513,0.0,13.489735764654327,0.0,8.036123633905085
145.83750696491714,-43.53979783963256,0.0,14.742403622008647,0.0,8.066549627639393
148.96937861148365,-42.30632954297509,0.0,16.34363674980337,0.0,8.067692719831959
144.73615201538266,-40.63148345568856,0.0,15.479428224917541,0.0,8.083817613086287
148.81839774966787,-43.932550906069935,0.0,15.223656998999376,0.0,8.057464612920173
148.58012571703816,-40.4314112205893,0.0,16.191682339845734,0.0,8.078167374920264
147.46785006723718,-40.11919053570569,0.0,15.818369249278467,0.0,8.071808965340635
148.2696919808486,-40.531302868982536,0.0,15.929922620744902,0.0,8.07807801072334
148.8953694533831,-42.17281183708942,0.0,16.442638628610222,0.0,8.069172839450001
144.34744701101775,-41.36737496463554,0.0,15.423027995011534,0.0,8.067882442520975
145.62196219879274,-43.119886960551916,0.0,14.938802518176246,0.0,8.074159025990598
145.0045462350553,-40.522780701116645,0.0,15.476365899766174,0.0,8.083818356724866
146.23641599039016,-40.033870973818416,0.0,15.706059544450934,0.0,8.071815184849116
148.97895018307298,-42.06778206048526,0.0,16.536660311287083,0.0,8.067639051214439
144.57976995390587,-43.7096708665906,0.0,13.667614997389123,0.0,8.0374561889473
147.57661813357748,-40.4680797242504,0.0,15.739791093600871,0.0,8.074844354648057
145.7303515269563,-43.217095708278606,0.0,14.886201030968223,0.0,8.07937674273418
146.07043652388288,-43.620810190733216,0.0,14.761111927147342,0.0,8.070212167500957
144.18425808679413,-43.21369521808204,0.0,13.612019282494437,0.0,8.037295843650897
146.96524768918994,-43.661552965908825,0.0,14.682353096010585,0.0,8.077993964926135
147.54374810512167,-40.63989190451771,0.0,15.650582688409635,0.0,8.076085665240367
147.47182967314922,-43.72644145178721,0.0,14.811462232335641,0.0,8.066651112115077
144.87808595857007,-41.582412103580666,0.0,15.292386801414008,0.0,8.07904342495134
148.8750121946032,-41.535885298100474,0.0,16.88315704315662,0.0,8.069341193382762
144.23763238175363,-42.22107108728463,0.0,14.491203122007764,0.0,8.043806621810079
144.6170442695727,-41.97098135022723,0.0,15.161651319636197,0.0,8.068002617763536
148.78127364703437,-43.681722004384596,0.0,15.491367919321887,0.0,8.0603304530961
144.1022762364253,-43.33301121967233,0.0,13.556572048038994,0.0,8.036973482311357
148.5609492323532,-43.25331773908825,0.0,15.76844897268706,0.0,8.065472260688638
148.78164230198294,-43.722347540929725,0.0,15.43829828519244,0.0,8.06037007016399
148.6897383424651,-43.969231936626954,0.0,15.160823279923486,0.0,8.058356398534313
148.7467742745552,-41.87666359475759,0.0,16.53392832704253,0.0,8.072333559610312
145.53076450855446,-43.9937756396266,0.0,14.005241995137133,0.0,8.04151452425162
148.5382765986875,-43.495257605087595,0.0,15.64223389063168,0.0,8.064179034015707
144.6280988643176,-40.307382295548805,0.0,15.595833513115092,0.0,8.084739083306149
148.67652663763167,-43.11428515983702,0.0,15.862229913942956,0.0,8.065637168114614
146.19249867465905,-43.5662606173578,0.0,14.794357631245347,0.0,8.075450118869087
147.40155378397964,-40.0543101320513,0.0,15.87531775375736,0.0,8.071646069086043
146.43658610142276,-40.89329106109754,0.0,15.58399240406278,0.0,8.076219747393838
145.35577670913008,-42.970046567108476,0.0,15.046355547477551,0.0,8.0763288044876
144.41827800684533,-41.16830279872235,0.0,15.52150730813399,0.0,8.077211844148392
144.83318994152788,-42.866597310881794,0.0,14.639542376885228,0.0,8.053608811984072
146.68087937390445,-40.49085449240381,0.0,15.818926162720034,0.0,8.073508837836584
146.26826122499315,-43.57797229754702,0.0,14.753051648521122,0.0,8.077092095977235
144.32600901868796,-41.78303545087356,0.0,15.007464653416138,0.0,8.057051299821328
144.11153770805916,-43.39381970840911,0.0,13.540954610098975,0.0,8.036817496670354
146.69257958919712,-43.623370927148244,0.0,14.640010405852836,0.0,8.07747929028524
146.63722982069223,-40.02256334695743,0.0,15.85563840685899,0.0,8.070066505812767
148.95586645297666,-43.42884237103986,0.0,15.664684191907615,0.0,8.058720668402021
147.22922025203502,-43.75016600179705,0.0,14.70307238889443,0.0,8.07364512722491
145.07893879529442,-42.125583287639046,0.0,15.231926427854722,0.0,8.080676990422702
144.6895044546675,-42.253750006702845,0.0,14.940966954796616,0.0,8.065756547453185
148.38431281623764,-41.81893533149841,0.0,15.672504418023749,0.0,8.080616904195367
148.78603268037952,-43.008622800001675,0.0,15.94043871532213,0.0,8.066235899947424
148.85558101220744,-43.77658059422344,0.0,15.392103097452685,0.0,8.057910264171905
148.6910714433222,-41.11705660438952,0.0,16.558861494097354,0.0,8.072453199593761
145.10519957165178,-40.504916214491814,0.0,15.497495785341025,0.0,8.083106071726265
145.48355063741758,-40.60028517754609,0.0,15.527272763241742,0.0,8.080742876923537
146.74151215913722,-43.81289699142023,0.0,14.60848551194694,0.0,8.071796904948314
148.30042598173588,-42.77688488566176,0.0,15.619359874238114,0.0,8.078170821729103
144.47034614789294,-40.28171657568049,0.0,15.685217258093274,0.0,8.085362809691354
145.8741984922202,-40.54905388009477,0.0,15.686805700671169,0.0,8.076565225787684
148.6294324844636,-41.03305532773693,0.0,16.356565457870317,0.0,8.074626176865124
148.7504116997703,-42.22561591877692,0.0,16.360371284582058,0.0,8.0710400305412
147.5990209946889,-43.08494965918032,0.0,14.650577795511062,0.0,8.094430530838387
144.9250514014182,-43.83908907221188,0.0,13.806279339312661,0.0,8.038249709075998
148.6677081804953,-40.83287518941807,0.0,16.378559395065967,0.0,8.073387906748836
148.2825679503471,-40.556323166573904,0.0,15.90342177597571,0.0,8.07834624237614
148.72310900755437,-40.215005202326125,0.0,16.767892615585026,0.0,8.075435928569451
145.2835794067932,-40.69287283519655,0.0,15.454663943853715,0.0,8.081247606296843
145.53461134491346,-43.24876660742335,0.0,14.865387218371463,0.0,8.070443808752524
146.85785816925505,-40.95465355672586,0.0,15.411932877294447,0.0,8.07774616819697
145.63488873877083,-40.28643757143247,0.0,15.618452356044845,0.0,8.07797577477813
146.81408638267305,-43.97176714376069,0.0,14.535850736253474,0.0,8.059184169235698
144.62725315176962,-40.67466053367376,0.0,15.500321703139608,0.0,8.083267234948696
144.65904495934572,-41.925776248126645,0.0,15.243168685354586,0.0,8.07306758953132
146.52319144417518,-43.680278619017194,0.0,14.696321535801772,0.0,8.075650843758737
147.8750832960709,-40.448440914929186,0.0,15.797798284956091,0.0,8.072639430736757
144.77079214434997,-43.93526458280059,0.0,13.711951297765218,0.0,8.03710920998318
146.43512346978775,-40.18310157603342,0.0,15.785067586813202,0.0,8.070745314040499
147.9481456405183,-40.14090134627812,0.0,15.924060238832764,0.0,8.06988474039727
147.2717815813882,-40.156926225224666,0.0,15.883088295633915,0.0,8.072345871406814
148.69978610295496,-40.324126925675984,0.0,16.455701528217336,0.0,8.076233483025128
144.14930890346758,-43.16265112484211,0.0,13.643289088099332,0.0,8.037176285397384
148.34445712068984,-42.9088346417518,0.0,15.68438514154276,0.0,8.0732303086985
148.2151429626093,-42.4915956547976,0.0,15.353999571405495,0.0,8.085876617524725
148.6847577651552,-40.09833655660057,0.0,16.61735644494247,0.0,8.075904109044913
148.37066863827832,-43.63109166488752,0.0,15.531575117952677,0.0,8.062057735950507
144.58598706309178,-40.2305071847331,0.0,15.679700519966419,0.0,8.085009278684726
148.57718113860835,-43.172864296206896,0.0,15.826767858304223,0.0,8.065818741835097
148.2758442527119,-40.66173408871836,0.0,15.895538605932499,0.0,8.079361016241242
146.7153545895703,-43.714017264553014,0.0,14.672720050767962,0.0,8.075851907188849
148.23036939536172,-40.296009350487594,0.0,16.120316998975607,0.0,8.074966431855726
144.3113265866043,-40.26443495559448,0.0,15.733037555975448,0.0,8.08510378657029
148.01860863067475,-43.964902585465104,0.0,15.196107716687546,0.0,8.055732837481012
145.65336548821182,-43.390681891181316,0.0,14.77279451692817,0.0,8.068578104211111
144.1802460164962,-41.255399926930316,0.0,15.486076997730201,0.0,8.068673618557517
148.68888315151003,-40.22850256077702,0.0,16.58883828951088,0.0,8.075978333402631
144.74497230619923,-41.80450299607257,0.0,15.298428188111751,0.0,8.077146980176433
144.15276489469085,-40.234733172227635,0.0,15.764900392901328,0.0,8.084996214288756
144.586102401103,-41.4732526668968,0.0,15.411433247019808,0.0,8.075285843625625
148.50731753305578,-42.517105337560466,0.0,15.987318251893475,0.0,8.075975052420416
146.11943740518177,-43.79483491171034,0.0,14.632605796378485,0.0,8.066894781946925
147.5443753539071,-43.02676001948142,0.0,14.596579466688182,0.0,8.097582326489157
146.88594223879335,-40.075570102846214,0.0,15.889074352097886,0.0,8.070554930053186
148.95485576077476,-41.949389246752666,0.0,16.689612568720538,0.0,8.067668284971868
146.7319041096327,-43.83376270927839,0.0,14.60848551194694,0.0,8.071796904948314
145.89407627315478,-40.09847311065608,0.0,15.619173407531708,0.0,8.074917964679166
148.98092291579778,-43.09127765385215,0.0,15.893473312534969,0.0,8.062970092885587
147.31217196147065,-40.20094684634931,0.0,15.853391960303398,0.0,8.072574117950962
144.93965874050363,-42.332433307795675,0.0,15.184606979393587,0.0,8.077877953357163
147.48845945487997,-40.8483934717493,0.0,15.509578931061803,0.0,8.07719450277031
147.64396574996573,-40.58602400982938,0.0,15.693476692830497,0.0,8.074940264505843
148.76553989494727,-42.99126758447724,0.0,15.967760335849482,0.0,8.06629166219874
144.8087574134648,-40.500487438483255,0.0,15.473853283463658,0.0,8.08406217796234
148.52760132488177,-42.407778698847714,0.0,15.932335335990153,0.0,8.076154141319062
144.50058527964953,-43.54638335113859,0.0,13.665948667213595,0.0,8.037753016769793
145.10726517036912,-42.89417361549963,0.0,14.981114757539162,0.0,8.073134623968288
145.46036418656092,-43.183354172994036,0.0,14.928310500277101,0.0,8.070836998611547
144.01082544338658,-40.28471831631859,0.0,15.770676534485071,0.0,8.08463372855001
145.49809154339187,-40.39873638958005,0.0,15.557033500025925,0.0,8.080022036081553
147.6757778843011,-43.77370269551889,0.0,14.963718292964444,0.0,8.059419319448066
147.56323797584037,-43.407550847031004,0.0,14.76622945558193,0.0,8.079470659200872
145.26765711183992,-43.9185172444469,0.0,13.934528080729805,0.0,8.039439932570021
144.29928273633607,-42.35775565032882,0.0,14.408220947262041,0.0,8.04347754337791
148.9639163662031,-41.06768201452558,0.0,17.08035032474564,0.0,8.068214881417783
144.40120666608146,-41.43865896008129,0.0,15.45908003120421,0.0,8.072974165250425
148.79343224429456,-43.02927151912079,0.0,15.94043871532213,0.0,8.066235899947424
144.85015826030397,-42.34963602539936,0.0,15.146494117688137,0.0,8.07490549935183
144.67040571564377,-43.71157115223672,0.0,13.700170065676748,0.0,8.037763901674674
148.93741126939355,-43.438838484282535,0.0,15.684925839702501,0.0,8.059501972412072
146.9290450243754,-43.821315805317624,0.0,14.594701172263084,0.0,8.07256556350772
146.0268774934734,-40.114142235181845,0.0,15.664734569300313,0.0,8.073840207259737
144.89400938258342,-42.97164390027205,0.0,14.515045641940764,0.0,8.051991458970134
145.75753508967318,-40.39901681839629,0.0,15.65997350917237,0.0,8.077331856271188
148.11557549677116,-42.579087196546105,0.0,15.238338354516552,0.0,8.087890958165827
145.97096643206643,-43.67176447893989,0.0,14.668576251308615,0.0,8.067819770430095
145.36346253693335,-43.66885500371109,0.0,14.056494500753717,0.0,8.04218796437076
148.31577507338415,-43.702350035639206,0.0,15.428594050161939,0.0,8.060967917832096
145.64606802552825,-43.88472083334881,0.0,14.07948624052088,0.0,8.04729329895405
148.4980450915559,-42.60936720757046,0.0,15.95127285421626,0.0,8.074355209912072
144.18209655941467,-40.949546797007564,0.0,15.636633674544893,0.0,8.080183231645087
148.93231867020845,-40.12634082104924,0.0,17.451064875723837,0.0,8.072283814355915
146.78039817704428,-40.66392656435069,0.0,15.733331480172579,0.0,8.0760512222763
147.57873787796674,-43.21716931743131,0.0,14.733818993077271,0.0,8.089314781646019
145.73164382352834,-43.49101993504971,0.0,14.640792982263243,0.0,8.066287489750913
145.72243760060476,-40.54776659399739,0.0,15.618444255555048,0.0,8.07823976785899
145.71246792027023,-43.16794476375839,0.0,14.838025113153572,0.0,8.077663267282492
144.32665852553063,-41.08365917860668,0.0,15.536883230101974,0.0,8.079430503256168
144.23766022279864,-42.73308059316195,0.0,14.085642475149553,0.0,8.039170725117847
144.2721911357777,-43.09128825311283,0.0,13.770601742016376,0.0,8.037993445643215
148.24264997972568,-43.01394448674503,0.0,15.502664422503678,0.0,8.073181497888436
145.468475324612,-40.533844495033314,0.0,15.542707348435021,0.0,8.080873368727206
148.5326652011476,-42.28410372943028,0.0,15.91811622216263,0.0,8.079491702367626
144.57003327424493,-41.34432841387622,0.0,15.375583355495813,0.0,8.077073377407551
147.1281895695169,-40.568095133890246,0.0,15.74562415148048,0.0,8.075890060197139
144.10615825062575,-42.933162177988685,0.0,13.860098512845074,0.0,8.037901732167471
144.8628362738734,-43.240537296151984,0.0,14.057622821761468,0.0,8.043012243107931
148.71340835195284,-40.56124809192926,0.0,16.494649774396382,0.0,8.07512201255635
147.0563208791862,-40.429876568565675,0.0,15.80127313790524,0.0,8.074840666843857
144.59932248925367,-42.12202661579995,0.0,14.938362354577388,0.0,8.059940022121856
146.17419308512476,-40.069463213234926,0.0,15.70727165292504,0.0,8.072201179888898
148.29351654930358,-43.285361656468424,0.0,15.639886830771852,0.0,8.06541131888205
144.84825768932603,-43.60062886952937,0.0,13.783158689730827,0.0,8.038057448776403
148.42452988667134,-43.111645915237524,0.0,15.821648066358792,0.0,8.067223403950608
148.83438212302528,-40.596635595518585,0.0,16.857514951227287,0.0,8.073757657860323
144.74263201861436,-43.9303591944953,0.0,13.701809546049118,0.0,8.037091941121172
144.15037544080434,-40.10729343829171,0.0,15.789084243674706,0.0,8.084638646302881
144.7305034117925,-43.314782896664376,0.0,13.84565844590499,0.0,8.039359317801035
144.51928956809252,-41.95441591991527,0.0,15.025987952044066,0.0,8.060902972809735
145.47426213803664,-40.466870416806735,0.0,15.545367370868274,0.0,8.080894761318214
147.66851843301302,-43.410578373071814,0.0,14.833682321230889,0.0,8.07406710634243
145.86304812443885,-43.336888771954094,0.0,14.834483957258378,0.0,8.073588120688765
146.86621945707353,-40.774009225544816,0.0,15.649473298760833,0.0,8.076888396932915
148.52169179356895,-42.318218221013254,0.0,15.919795594763736,0.0,8.078633292965916
146.52958492626058,-40.51104660176173,0.0,15.774544275564685,0.0,8.072563303210577
148.1474934348572,-43.33450504637419,0.0,15.361974171170322,0.0,8.06813641938052
148.92682978456642,-43.80721749717938,0.0,15.324031829609444,0.0,8.05613427142506
148.7308689498666,-43.27949599540432,0.0,15.7768629665234,0.0,8.065032421994296
148.8044633152337,-43.69608601464021,0.0,15.48279321040523,0.0,8.059833365568918
145.95206487879574,-40.856236983640926,0.0,15.606530566653419,0.0,8.077565483139706
144.1462785577379,-41.567343585747,0.0,14.961244500079138,0.0,8.05469410623263
146.68274381356977,-43.776040265270694,0.0,14.654308006312945,0.0,8.073817322777318
148.63201471042674,-43.7914865392256,0.0,15.422829935321145,0.0,8.061323053887877
144.19849216512554,-40.94730282991697,0.0,15.636633674544893,0.0,8.080183231645087
148.41609869936426,-43.81475604104022,0.0,15.351897338347374,0.0,8.061491597295895
144.9476342695378,-40.45523572136304,0.0,15.475015964630451,0.0,8.083871504285419
144.7062549277356,-43.058600101975344,0.0,14.154910402178052,0.0,8.043647596557559
148.67459782580477,-42.511856694222175,0.0,16.204882295416,0.0,8.070538060921006
147.9317229503086,-43.53321146985243,0.0,15.185905544550392,0.0,8.062927103003963
144.21803205171852,-41.73513573316318,0.0,14.910468120123259,0.0,8.05440472400368
145.27849657431497,-43.24293437446386,0.0,14.526410017219128,0.0,8.055734404692076
145.70670492070903,-43.37043133164169,0.0,14.838224164733582,0.0,8.070100991275819
148.9772713887952,-40.40196606800114,0.0,17.358063236320803,0.0,8.070658667944617
144.1600902607578,-42.14988349476953,0.0,14.538563883011298,0.0,8.045925392862358
147.48024644124237,-43.691793096093726,0.0,14.790513142662368,0.0,8.069209582724024
146.24483650287638,-41.06481453928068,0.0,15.376481481379095,0.0,8.077462406740029
146.27229094751806,-43.66161635845799,0.0,14.719460991396886,0.0,8.071373590573613
144.42359853435423,-40.629030715643935,0.0,15.611499579062992,0.0,8.083696467929181
147.80299166025983,-40.25737856545042,0.0,15.80839584003578,0.0,8.071207816759664
148.87288035620927,-42.30229494701607,0.0,16.341929214983328,0.0,8.06906991110316
145.08859535221137,-40.36309331979668,0.0,15.532603703627597,0.0,8.08359054394984
147.74599396032815,-40.34435790921441,0.0,15.754734111718882,0.0,8.071789024847345
148.83651684091095,-41.379294804664816,0.0,16.874809464223347,0.0,8.070974512579683
148.7698762997793,-41.65403533563242,0.0,16.692877051025008,0.0,8.070961265630116
145.08048760314318,-40.36461779607956,0.0,15.532603703627597,0.0,8.08359054394984
144.60931611656164,-42.57213329319851,0.0,14.583315494973244,0.0,8.054778295431603
147.03190878197944,-40.373021785571794,0.0,15.825836332966523,0.0,8.073805481295093
148.6653335409083,-41.78100458584123,0.0,16.50517855684638,0.0,8.072622264610816
145.7575999217231,-40.3194383523646,0.0,15.65780904529492,0.0,8.076817963853493
144.67836384158863,-42.00867086813184,0.0,15.182758254464117,0.0,8.072469876327185
145.1121523850074,-42.771652591642734,0.0,15.077759015620247,0.0,8.077584592544817
147.17829030040957,-40.51170785459245,0.0,15.767378179923668,0.0,8.07577919443436
148.82394624974347,-41.4966277630423,0.0,16.843709011278335,0.0,8.070416721884774
144.199714317536,-43.88955287460135,0.0,13.454219258663727,0.0,8.034702225399968
144.48692367255072,-42.97802020207366,0.0,14.03821599663267,0.0,8.039475492736637
145.78664014379476,-40.765644507193144,0.0,15.605897968003937,0.0,8.07874062664821
144.20831219512675,-43.00039852926749,0.0,13.816167031029607,0.0,8.037905814200911
148.6160506051234,-42.900248622419646,0.0,15.99349081698309,0.0,8.06731077880078
148.58529716395074,-41.79911251927199,0.0,16.25673251515519,0.0,8.079254197670197
148.6614759272386,-41.47796785945024,0.0,16.5685747998525,0.0,8.072857436403732
144.06514910468124,-42.77632374463312,0.0,13.963551484698934,0.0,8.038295229151153
144.32297036645846,-40.790007407126886,0.0,15.667448957721879,0.0,8.083265779823602
144.6196557551455,-42.53625364840444,0.0,14.643788062304129,0.0,8.055603027371605
147.37949433854808,-40.122235999303406,0.0,15.872078827911043,0.0,8.071919882788533
145.64144046478043,-43.9940509240457,0.0,14.035142182551024,0.0,8.043970247077882
145.7119806289144,-43.3127062387908,0.0,14.898938620867218,0.0,8.075745580744945
148.9589310411931,-42.84396007864786,0.0,16.04416434469065,0.0,8.065139986234358
148.52462544676496,-41.06420866532959,0.0,16.146287570149944,0.0,8.077525247419494
144.81754667579895,-43.33440002881897,0.0,13.914488237386896,0.0,8.040198287114036
144.19159982456304,-43.12274204494104,0.0,13.691634248433013,0.0,8.037579873789989
145.09037475497001,-42.87072638180847,0.0,14.943901693687252,0.0,8.0685775410851
146.20122290576884,-40.56780983667921,0.0,15.73941839456023,0.0,8.073130996814186
144.42701632666027,-43.97331083878856,0.0,13.542577924406329,0.0,8.035654672586377
145.69707217204783,-40.25086265558212,0.0,15.633608731152684,0.0,8.077292086594786
147.92013768130352,-43.29721142431205,0.0,14.930433236542026,0.0,8.074054148923244
146.00150386647329,-40.12828095528167,0.0,15.664734569300313,0.0,8.073840207259737
148.897163377305,-43.98325587790225,0.0,15.153552609144846,0.0,8.056017183821258
148.13240378693175,-42.967393371863324,0.0,15.22167242818798,0.0,8.077857804441054
145.96207929767877,-43.57508101292704,0.0,14.800857017923738,0.0,8.070617968256029
147.8449303647953,-40.2967111309306,0.0,15.80839584003578,0.0,8.071207816759664
148.71182880906906,-41.39188324875815,0.0,16.721668256760363,0.0,8.072105220955018
145.1951821515366,-43.97917379090059,0.0,13.86463591115124,0.0,8.039066267874318
148.0062038067676,-43.216442130458205,0.0,15.038617901963773,0.0,8.073458760532922
148.40229444632286,-41.76875970249845,0.0,15.785160343512894,0.0,8.08050233918256
144.0659834021988,-41.31548560999823,0.0,15.285844574691572,0.0,8.05945180455555
147.41570270696613,-43.253566835425744,0.0,14.681842385939952,0.0,8.089006211105227
146.02346959633493,-40.52047413191265,0.0,15.714012292055509,0.0,8.074760673966082
146.37466157291922,-40.018088021296876,0.0,15.754151211713292,0.0,8.071094083551488
145.17764266674615,-42.20891129903316,0.0,15.165237126230572,0.0,8.079736427773454
147.7070777140176,-43.27276799539127,0.0,14.796278140042972,0.0,8.084502488482814
146.91637167618467,-40.368307971927536,0.0,15.840333223652358,0.0,8.073482948206001
145.72296070611893,-40.88490953450553,0.0,15.495093114882845,0.0,8.078785473274825
145.88584775893906,-40.617143692758575,0.0,15.660091668964238,0.0,8.077440851084742
144.50745231140192,-42.2710470837206,0.0,14.689277817790275,0.0,8.053574128614633
144.91351310615315,-41.929473642370446,0.0,15.30267986722197,0.0,8.080138755828282
144.51672510780585,-42.58692581667896,0.0,14.438771689426419,0.0,8.048995345447539
145.28206102430372,-40.73365755188326,0.0,15.431811447772063,0.0,8.080858979951445
146.89672075755047,-40.2493232708215,0.0,15.852972083870906,0.0,8.071757912940958
148.09701082320558,-40.70060373612568,0.0,15.78052449087865,0.0,8.07643490473479
147.95331233862362,-40.60458116444174,0.0,15.77218186835624,0.0,8.074623920458743
147.92436192422724,-40.16412358378773,0.0,15.923550407208037,0.0,8.069577435137877
148.16390912437055,-43.536272540366745,0.0,15.523695818712012,0.0,8.061674189914058
144.3944065235063,-40.29018356553387,0.0,15.716670629547925,0.0,8.085095601807446
145.41102961928078,-40.15063399131821,0.0,15.576637646008711,0.0,8.07899271689106
146.8856971328189,-40.83947710736049,0.0,15.578197896734963,0.0,8.077032939055364
144.18525868334137,-42.216725085068234,0.0,14.456779423722537,0.0,8.043798902692174
144.48742560136137,-42.44315029627473,0.0,14.547161278774663,0.0,8.049774898157668
144.7379831073162,-41.46021090275902,0.0,15.335549681561702,0.0,8.080366503841057
144.57305145067295,-40.82787849841238,0.0,15.499285025357864,0.0,8.08247391640101
148.6970746579096,-40.82146116647968,0.0,16.378559395065967,0.0,8.073387906748836
147.66590710694499,-43.53191036943388,0.0,14.874140194319686,0.0,8.069802181720771
145.5839077164794,-40.69576256389457,0.0,15.536677654321801,0.0,8.080202522920745
148.28955438855587,-42.70545176224761,0.0,15.448932038520033,0.0,8.080452415966096
145.04455264329766,-42.32237686208231,0.0,15.227982271323363,0.0,8.080277692990707
147.33858211284348,-40.729178471566534,0.0,15.613591439505733,0.0,8.077586179062418
144.50166173830272,-40.361055509001346,0.0,15.612318785284774,0.0,8.084971451048297
144.50575173930014,-41.09104187455099,0.0,15.510059832982705,0.0,8.080279332672074
148.2565465305242,-42.67766367361732,0.0,15.438750784037067,0.0,8.080357087938676
144.83494796054754,-40.306187470307265,0.0,15.551342657712926,0.0,8.084533887432004
148.73291812733527,-43.498401839619994,0.0,15.648670901535432,0.0,8.063065091144829
147.69618483001187,-40.550502547826554,0.0,15.700438887170534,0.0,8.074610466924593
146.09273698237436,-43.7138737104952,0.0,14.63821883476625,0.0,8.067607233417055
145.28764526117936,-42.296075162762236,0.0,15.056195421287633,0.0,8.080934971325739
145.0814883366684,-43.849261100743576,0.0,13.877846387712086,0.0,8.038616012076627
145.26860479712212,-43.136867437744826,0.0,14.744524913753548,0.0,8.065137929331753
144.53100683479786,-41.11116014551568,0.0,15.496007577258366,0.0,8.079261317136002
144.87351689685477,-40.33339434986119,0.0,15.556177804524511,0.0,8.084155737381232
148.36987975044346,-41.38585824185467,0.0,15.844801911588569,0.0,8.079047544922275
148.77978192174803,-40.54236175104658,0.0,16.59440472020428,0.0,8.075547001601917
144.46447462045322,-43.79834115432179,0.0,13.632102386207226,0.0,8.037348530819695
146.47898810687772,-40.99081941937505,0.0,15.493294875049385,0.0,8.077159246500214
148.27365124838656,-40.867340980336465,0.0,15.886561502684454,0.0,8.079341407642156
147.16557261833967,-40.81351397310531,0.0,15.532101144772454,0.0,8.077873256788315
144.50268806903992,-40.853631372067646,0.0,15.519282975818667,0.0,8.081890278005678
148.6972872838602,-43.839149194545556,0.0,15.353385079900129,0.0,8.060219562363493
148.68741945783276,-43.04023509049358,0.0,15.935757383131774,0.0,8.066370506892987
145.37612316282923,-43.94482541452254,0.0,13.985187598418543,0.0,8.04033962844609
144.34906827856958,-41.54151512013289,0.0,15.304354959187034,0.0,8.06391148315723
145.7501053520811,-40.718924345019076,0.0,15.609964645281671,0.0,8.078711642463002
144.28922124744844,-41.71873808062332,0.0,14.953093632109658,0.0,8.054836971894733
144.6094399860933,-42.85898385426328,0.0,14.309459495897698,0.0,8.047802315339236
148.77219097837357,-43.22740372340313,0.0,15.797617025808458,0.0,8.064979131479173
144.336927386676,-43.92605297867284,0.0,13.516760514277426,0.0,8.034859981312813
144.50787557326137,-41.37455975237098,0.0,15.4490657389281,0.0,8.075930240064134
148.07042631659323,-43.9165076450773,0.0,15.25791114104909,0.0,8.056645362287172
148.6038157056248,-43.082850958031116,0.0,15.884482406372346,0.0,8.066742254979175
148.97427012301512,-41.589246774320266,0.0,16.925681416833424,0.0,8.067970562974747
148.44128739100682,-42.120601409962376,0.0,15.656560329699607,0.0,8.080763296912503
148.4169766989871,-41.22669352591504,0.0,15.962279774263672,0.0,8.078900326359882
144.42412192736828,-40.37817413367285,0.0,15.648805300275848,0.0,8.085027158580889
146.7886487322905,-40.83869534302888,0.0,15.603408813629782,0.0,8.076556152289198
145.4578548103257,-43.98053645153399,0.0,13.997837006836654,0.0,8.04127700573258
148.64937138080546,-40.73604667842567,0.0,16.25239719874295,0.0,8.07572751329554
145.2348328953336,-43.060879112027045,0.0,14.790621180478137,0.0,8.06959081914906
146.59847204834287,-40.294079281141485,0.0,15.824650781520548,0.0,8.07069973356186
144.44369609431715,-41.83887470141695,0.0,15.058600578704917,0.0,8.063396582108028
147.98799827399986,-43.77095029631046,0.0,15.345209749352552,0.0,8.056864669453686
148.91155305532047,-41.0155093605547,0.0,17.0441703733084,0.0,8.068356171068057
145.77509900165862,-43.26567144520924,0.0,14.896463855961038,0.0,8.079388625922393
145.7365494280441,-40.668218909272746,0.0,15.598510303264874,0.0,8.07868041155533
145.5170253695355,-40.603208717595855,0.0,15.533213251565517,0.0,8.080585858771475
146.39517751986108,-43.81051362370585,0.0,14.606574954195315,0.0,8.068665160514897
144.62342175627293,-42.73338376357105,0.0,14.439001264744501,0.0,8.04952647329062
148.4157126785478,-43.22054166004651,0.0,15.788352858324702,0.0,8.066013533675855
148.98291165685205,-41.57932410863528,0.0,16.925681416833424,0.0,8.067970562974747
144.288746048142,-41.07060441118439,0.0,15.529443989574485,0.0,8.078839799011714
148.67788273730952,-43.33698466537438,0.0,15.738348748421824,0.0,8.06472636955744
148.45448077422105,-43.82110052557498,0.0,15.361186138053158,0.0,8.061605085908626
146.332637841694,-40.13265027679199,0.0,15.753508254813696,0.0,8.071502301769979
148.69386136164087,-41.40487959630377,0.0,16.573088983057033,0.0,8.073317353397826
145.53772529935114,-40.33243049695973,0.0,15.570657065874894,0.0,8.079042510309323
145.91025224629914,-43.37686086935838,0.0,14.808206958927785,0.0,8.071982551403527
147.43238234744518,-40.035611114072445,0.0,15.883651156145062,0.0,8.071568378792414
148.28129463503947,-43.705706885317355,0.0,15.425704908440567,0.0,8.060527295858876
144.01100478465946,-40.32093247200328,0.0,15.770914621444254,0.0,8.08429266093209
145.0424568122747,-42.047935930818014,0.0,15.316402961826672,0.0,8.083418167051839
145.13935597262378,-42.549812667730556,0.0,15.188512815297523,0.0,8.079534999064174
148.31310920648914,-42.80282651393324,0.0,15.64012899075178,0.0,8.077282164017848
148.92173700678208,-43.15878645856487,0.0,15.845670944414838,0.0,8.062206232412025
147.85095360560157,-43.866979719034155,0.0,15.20674307369563,0.0,8.056578247025598
148.008069860623,-42.76835653814318,0.0,15.065797042642261,0.0,8.08688995193352
144.2066380284437,-43.01694021974825,0.0,13.816167031029607,0.0,8.037905814200911
144.58256954212405,-41.69674243635474,0.0,15.373762237942444,0.0,8.070479382509994
148.88231975671306,-41.16082431199271,0.0,16.967476802030166,0.0,8.069021397054808
145.36663261859562,-43.427104267427914,0.0,14.273152726146545,0.0,8.049963899873752
144.83246182056251,-43.12152145954907,0.0,14.180484343610322,0.0,8.044023687713558
148.79028072789552,-40.7266316881624,0.0,16.692067538092886,0.0,8.072057674936007
148.71074134844667,-42.00941840126547,0.0,16.438141174075305,0.0,8.071317491762573
145.49719177881497,-40.7557595886991,0.0,15.461740983581066,0.0,8.080788752649092
147.67766438475275,-40.47539424232636,0.0,15.748386282888355,0.0,8.073959371957944
144.84818233881884,-43.355858701092984,0.0,13.88431948011433,0.0,8.039501148703685
145.3009211422671,-43.27172341625403,0.0,14.551197560282379,0.0,8.057864923798936
147.42449813401578,-40.72669874916465,0.0,15.60676778872274,0.0,8.07704442368845
145.40088041598733,-43.496834606535316,0.0,14.198054606714633,0.0,8.05059380437003
148.94653757619122,-40.014988871776964,0.0,17.58264898583273,0.0,8.071982447561822
146.48095538756164,-40.29475238612424,0.0,15.804285749493713,0.0,8.07045732673171
144.77589025298732,-43.49797604920539,0.0,13.781287691229984,0.0,8.038076434193206
147.64268751276444,-43.894373245436064,0.0,14.975931497933919,0.0,8.058087516437192
148.4555408016379,-41.79728111631804,0.0,15.955656730740175,0.0,8.081189131763413
145.6207180863281,-43.23014948896383,0.0,14.89743542234643,0.0,8.072792596286705
147.07233777171461,-43.769490380649195,0.0,14.653006742134304,0.0,8.075298744104762
147.77795110129176,-40.54803151198258,0.0,15.73278397732578,0.0,8.07432144341308
147.93476465904868,-40.66383168651924,0.0,15.728755950279192,0.0,8.075180553065762
148.46434028820215,-40.22496808904421,0.0,16.266249872980772,0.0,8.079656153712829
144.86364379460863,-40.315395903182186,0.0,15.556177804524511,0.0,8.084155737381232
146.66454101044837,-40.20895426364197,0.0,15.84713221546909,0.0,8.070841540768003
144.953519310228,-40.53877163956384,0.0,15.474723166772277,0.0,8.083848212789903
148.50797889905934,-40.4655011593041,0.0,16.062921018277383,0.0,8.079110960365279
144.3439174650876,-40.252729484116884,0.0,15.733037555975448,0.0,8.08510378657029
144.29809402167658,-42.62237677492743,0.0,14.203017325207602,0.0,8.04080864330856
146.3134393130649,-43.64749114071231,0.0,14.719004413571055,0.0,8.07550397366142
146.95717859714955,-40.05736620982674,0.0,15.90141854876201,0.0,8.071059391813327
146.0613388369988,-40.94561725626538,0.0,15.619763225952395,0.0,8.07785596239897
146.42444346945183,-43.673071017541076,0.0,14.696802943618849,0.0,8.075225751761034
146.6504935433715,-40.60329752324048,0.0,15.750345548694314,0.0,8.074856543181419
146.56496632254635,-40.26074538429568,0.0,15.824650781520548,0.0,8.07069973356186
148.50402854926804,-41.16773026760184,0.0,16.176329039260818,0.0,8.078360319716014
148.6934976429741,-41.02334173485983,0.0,16.47748742761327,0.0,8.07175955998842
145.65857249272784,-43.070700673542916,0.0,14.894683367820523,0.0,8.076142127725134
148.52567054245003,-40.35373502552114,0.0,16.162071652492493,0.0,8.078821031847182
148.210751757966,-43.40365934560548,0.0,15.60077448521517,0.0,8.0630601720258
148.7559998752201,-40.15089185964991,0.0,16.88177751217657,0.0,8.07500661395574
145.69202340611045,-40.198123565198614,0.0,15.622819960758715,0.0,8.076934917817793
148.70069746814056,-43.17458803679547,0.0,15.837973913459784,0.0,8.065184662604207
144.0880042033957,-42.90244977675255,0.0,13.840824323685526,0.0,8.037792833460843
145.09192535400703,-42.9425927563195,0.0,14.89436355995092,0.0,8.06389949391536
145.51408985060365,-40.68872449236069,0.0,15.520904544957148,0.0,8.08064744925691
148.64202215066962,-41.48426862399402,0.0,16.45368916581842,0.0,8.0760882253194
145.47347576383433,-40.67800294738444,0.0,15.514608502727064,0.0,8.080744936692474
148.14780750290225,-43.36097161710106,0.0,15.40230792780785,0.0,8.066507667380813
147.43788592861247,-40.4941543570156,0.0,15.715044613060563,0.0,8.075000436597612
148.94775741311278,-41.82994543006713,0.0,16.735729847907766,0.0,8.068090248975196
146.41576971880676,-40.288048401090904,0.0,15.790101216589198,0.0,8.070745834857894
147.56746812770805,-40.74773206351774,0.0,15.570952692655053,0.0,8.076737306334895
148.55768136258348,-41.25680093310243,0.0,16.344765710923816,0.0,8.077881199346136
148.50550955918084,-42.79170939507069,0.0,15.99190804483174,0.0,8.07039364873652
148.84549981499683,-43.336215726250344,0.0,15.751944411438869,0.0,8.063625730303967
145.73872836640166,-40.03052216052848,0.0,15.605979407227688,0.0,8.075731391961675
145.7177121301793,-43.51655695999578,0.0,14.578354619186099,0.0,8.065824191335237
148.47800109214305,-43.25959536476697,0.0,15.771661806921816,0.0,8.065577559214427
148.73295872724333,-42.725764745421436,0.0,16.13916480537455,0.0,8.06751356949229
145.1025528966895,-42.19319223413891,0.0,15.192885654093105,0.0,8.080178170526136
145.11922713376705,-40.15478550278374,0.0,15.620306771770219,0.0,8.08222439043861
145.20007034332983,-43.10934465367866,0.0,14.708101058016346,0.0,8.063902102540286
146.37915408672163,-40.63743755970597,0.0,15.712427578589132,0.0,8.073837751337148
146.27551017243667,-40.3474295061368,0.0,15.749599508739001,0.0,8.07165340880406
145.42858588792836,-40.204976836859416,0.0,15.56247571070859,0.0,8.07911329903078
144.81566690592396,-41.85917706438603,0.0,15.291302632213538,0.0,8.076986217741746
147.4765667904455,-43.86174966623592,0.0,14.87183553855553,0.0,8.060984676010673
148.45183876543734,-43.690405574510535,0.0,15.506449616357171,0.0,8.062548387307165
146.04652241172047,-40.04139559221257,0.0,15.65824911324683,0.0,8.07383716186487
147.44252187562492,-40.58991211831368,0.0,15.680182786897074,0.0,8.075671779686658
148.68400440926078,-42.650710587833714,0.0,16.156923240460344,0.0,8.06884411827258
145.46561572543715,-40.24893987527625,0.0,15.57936920953052,0.0,8.078916500608166
144.61279972978207,-43.74151500643003,0.0,13.684173610403889,0.0,8.037540368562315
148.1637059097144,-42.98439920413386,0.0,15.334998950540205,0.0,8.075024437690521
144.55637754393823,-43.14425457548372,0.0,13.942700978527876,0.0,8.039478177922833
148.71152446715493,-40.21484082572497,0.0,16.767892615585026,0.0,8.075435928569451
145.52383331090496,-43.238679550406495,0.0,14.865387218371463,0.0,8.070443808752524
145.15882949025084,-40.655798403979084,0.0,15.465856851935394,0.0,8.081480612887765
145.0640887447751,-40.25591542034391,0.0,15.593937767941833,0.0,8.083416752239737
146.48846543172922,-40.14734656485494,0.0,15.805287656395995,0.0,8.070478266141137
144.6180257471913,-42.525890206784425,0.0,14.643788062304129,0.0,8.055603027371605
147.57869160374497,-40.792544937702466,0.0,15.554077701829398,0.0,8.076908761273554
148.55184241457226,-40.24473621880093,0.0,16.409672451462573,0.0,8.078837558982507
144.16385309764513,-43.63837726811792,0.0,13.500083212923096,0.0,8.036155025212317
144.54327375887775,-41.383516864719816,0.0,15.4490657389281,0.0,8.075930240064134
145.26504254687924,-42.786312266980545,0.0,15.130044427504382,0.0,8.086337112598686
145.6330966963728,-40.02391770331366,0.0,15.60445389833657,0.0,8.076369202723761
144.308794186888,-40.718160123252055,0.0,15.668112393728878,0.0,8.083405496809199
148.7157939269284,-40.4582507068887,0.0,16.48173567987914,0.0,8.075723599688677
148.28220269712932,-42.39785927089683,0.0,15.365471958305388,0.0,8.085650251635984
144.35486097877765,-42.96415777243526,0.0,13.9445388145342,0.0,8.038948050283603
146.38470690416713,-40.99700103156418,0.0,15.510984844286924,0.0,8.077076112798348
144.11188413102263,-42.948876673738326,0.0,13.860098512845074,0.0,8.037901732167471
144.3800509758089,-43.04056848326405,0.0,13.910455104179114,0.0,8.038800730798492
148.90445883835605,-40.989422160711115,0.0,17.05118455870602,0.0,8.068463899771613
144.4613288699834,-40.53004110077886,0.0,15.58218468755218,0.0,8.08457195894379
147.68015707333763,-43.674359294643196,0.0,14.928352506195223,0.0,8.0628588425214
146.20560911424053,-40.370495179021994,0.0,15.737310727865713,0.0,8.072203077955482
147.7235995727964,-40.528770327043915,0.0,15.728887492896686,0.0,8.0742167875338
147.21924125396896,-43.486820713309356,0.0,14.66988005799768,0.0,8.087986817343335
144.66105085155044,-41.15936642008994,0.0,15.393259494258912,0.0,8.078799989464676
147.74919648851898,-40.35118331166744,0.0,15.752066967135367,0.0,8.072580139672203
146.50771112313691,-43.71232739638579,0.0,14.66400933268729,0.0,8.074711280443742
144.25316556850223,-43.35771817953216,0.0,13.580540648680337,0.0,8.037141984247047
148.48134745014045,-43.246068041840054,0.0,15.791276403793992,0.0,8.065714766922227
144.8842193046954,-40.210083444134874,0.0,15.621397198820718,0.0,8.084103076413584
144.10416350505696,-41.676205909569546,0.0,14.88048829646646,0.0,8.050828611601608
146.49984036682727,-40.76706782658147,0.0,15.600368860165819,0.0,8.074924117869202
148.05716664016947,-43.53680608167379,0.0,15.425237592034389,0.0,8.062204040639244
148.8879522116399,-40.702327298278256,0.0,17.015302178388342,0.0,8.070573763255824
145.37572120426276,-40.13913878810887,0.0,15.586168871788773,0.0,8.078806636849565
144.02217504275504,-43.17091010314261,0.0,13.609347520745787,0.0,8.037019757679237
148.9167792661715,-43.94698531406313,0.0,15.216451060621832,0.0,8.055139408276094
148.6133877570495,-40.602301829938185,0.0,16.211982511668783,0.0,8.076812100808068
145.76034377847134,-40.14787035005801,0.0,15.620510963225708,0.0,8.07608955467964
145.1534708571057,-42.8727660713758,0.0,15.0059237734653,0.0,8.075579673468143
144.90584078219598,-42.31654174751194,0.0,15.184606979393587,0.0,8.077877953357163
144.97159860574249,-42.440072043533156,0.0,15.183245536120124,0.0,8.078692282298546
144.00945237415036,-41.69872024679166,0.0,14.814667815097796,0.0,8.046946498350849
144.5028119497667,-41.15890714733129,0.0,15.494199771514584,0.0,8.078530003222243
148.18751075154782,-42.49861854282649,0.0,15.27160113659629,0.0,8.086701411780439
148.12428041048375,-43.309834184827096,0.0,15.361974171170322,0.0,8.06813641938052
148.64708836484655,-40.96764096470993,0.0,16.33224538210108,0.0,8.07463763848021
145.0275838029906,-40.010309741963155,0.0,15.65672123887208,0.0,8.08177012621131
148.6555766006129,-43.827006104343546,0.0,15.353385079900129,0.0,8.060219562363493
144.08275659154535,-42.286357310358525,0.0,14.39557513915306,0.0,8.041256708147065
147.14562575068268,-40.68416722735827,0.0,15.707855854545471,0.0,8.077241020541866
146.9231831917729,-40.9671944851098,0.0,15.393153676272956,0.0,8.078006785792278
144.78813851746543,-41.52503898882679,0.0,15.322383654916745,0.0,8.080488126000501
145.3174088485197,-42.76548447233298,0.0,15.130368660246791,0.0,8.084326135665993
148.57331211393546,-41.3228986156968,0.0,16.3457691325125,0.0,8.077356786362905
144.31327594892247,-43.537765006231176,0.0,13.584093105955198,0.0,8.037139128840705
148.96170488815045,-43.23822647019385,0.0,15.799687764702613,0.0,8.061336780145982
148.14740674153938,-40.33586389814557,0.0,15.905823895315207,0.0,8.0717390559014
145.0526342189133,-40.29811128056318,0.0,15.593937767941833,0.0,8.083416752239737
148.56693237467903,-42.541867653263324,0.0,16.104131977705467,0.0,8.07442683407835
147.56747765895744,-42.94112943940719,0.0,14.515454839941448,0.0,8.095699909316153
148.3211776236264,-43.12673873612807,0.0,15.73376657649463,0.0,8.069372894284204
144.3432037755604,-42.47540507284608,0.0,14.359371507358741,0.0,8.042711633412772
144.40338071071335,-42.274252768926196,0.0,14.600044513595483,0.0,8.05195791575493
144.40754062335208,-42.94827838253233,0.0,14.064105935797325,0.0,8.039863809960321
146.65138197301675,-40.265318795781546,0.0,15.846878221877278,0.0,8.071052349490555
144.40387740672708,-43.35252576911236,0.0,13.652115458619676,0.0,8.037649695013574
148.33022900136027,-42.29986952878051,0.0,15.406574004754871,0.0,8.086155960135036
144.65628698369667,-40.09095313208016,0.0,15.739272945931885,0.0,8.083347072022887
144.61648233904668,-41.301245197295515,0.0,15.3688655243033,0.0,8.077120361697611
144.32914461296846,-41.99005111546232,0.0,14.753867621636179,0.0,8.051330351769904
148.8057441495899,-42.8244532106191,0.0,16.068663224277028,0.0,8.066882397129897
148.51795034008038,-42.24341849248766,0.0,15.912090920324125,0.0,8.079560299083914
148.5960913364963,-40.39182385601063,0.0,16.232939328821647,0.0,8.07841374753387
147.36084883001638,-43.319685519909065,0.0,14.666508549005876,0.0,8.088000875287431
144.7691178349642,-43.64956768484031,0.0,13.749471433165679,0.0,8.037972988772664
148.60409393296513,-42.84268963054063,0.0,16.051090710282118,0.0,8.068721031923516
147.4289552364701,-43.605914979988086,0.0,14.737499451656262,0.0,8.073805017379973
146.90763595069365,-43.739654591572204,0.0,14.651231427089272,0.0,8.075844850341399
147.5223146716721,-40.53338394318741,0.0,15.711663976250222,0.0,8.075323139226864
147.14098427867276,-43.80906576071273,0.0,14.66132049042778,0.0,8.072003394689402
144.17511175190947,-40.84644284090171,0.0,15.677907540179941,0.0,8.082056097534494
148.81367704195353,-42.941264394700454,0.0,16.01717530359863,0.0,8.065995185972506
148.3790472077481,-42.78597414830408,0.0,15.740650468356419,0.0,8.075281952539179
144.10353399715603,-43.04879330537361,0.0,13.76567116951407,0.0,8.037719514450503
144.05499958148468,-43.72968903037642,0.0,13.44146248295696,0.0,8.034595222650205
148.19185249867965,-43.05979605618729,0.0,15.363479274362941,0.0,8.073506020353532
144.63499051765163,-42.917393220169586,0.0,14.245487944698494,0.0,8.04358233321717
148.68595683420574,-40.81467126858163,0.0,16.378559395065967,0.0,8.073387906748836
146.1798088531503,-40.32997173147847,0.0,15.723417111316348,0.0,8.07220585821812
148.31450574620442,-43.2761634638097,0.0,15.730144115136564,0.0,8.06548565698203
